id;nom;prenom;telephone;email;profession;datenaissance;dateprisecontact;adresse
1;Assistant;Market;+33 572166429;Athnas.Muller31@gmail.com;empower auxiliary functionalities;2021-04-26;2021-04-25;generate scale Rubber
2;Ball full-range;mobile a Vaneau;+33 594026833;meric7@gmail.com;Generic bluetooth;2021-04-26;2021-04-25;Front-line
3;quantifying transmit;Compatible Small;+33 317269772;Gustave.Lemoine@hotmail.fr;azure;2021-04-25;2021-04-26;quantifying Games
4;Paix Languedoc-Roussillon Boétie;FTP Concrete;+33 470815154;Berthe85@yahoo.fr;override;2021-04-25;2021-04-25;a
5;generating Bac c;redefine;+33 282014493;Denise_Roger4@gmail.com;b overriding;2021-04-25;2021-04-25;multi-tasking
6;Account;high-level compressing;+33 331012710;Hubert_Clement4@hotmail.fr;silver wireless up;2021-04-25;2021-04-26;Stand-alone Haute-Normandie
7;Cambridgeshire SMTP Licensed;e-business Montmorency;+33 702817951;Gatien81@yahoo.fr;unleash embrace;2021-04-25;2021-04-26;optical monitor
8;digital Stagiaire full-range;SAS;0111377575;Sibylle.Lacroix22@yahoo.fr;Auvergne invoice Investment;2021-04-26;2021-04-25;Sainte-Lucie
9;Kenya Metal online;Soap;+33 547624924;Herv.Guerin@yahoo.fr;SMS b;2021-04-25;2021-04-25;scalable a Refined
10;transparent Peso;uniform quantify Wooden;+33 689898970;Alos75@yahoo.fr;Frozen Île-de-France;2021-04-25;2021-04-25;Convertible
