id;nom;prenom;date_naissance;matrimoniale;telephone;nbre_enfant;photo;account;position_id
1;Provence-Alpes-Côte embrace;Streamlined;2021-04-26;Marie;+33 627762646;12683;relationships;true;1
2;compress Avon solutions;Buckinghamshire Secured bluetooth;2021-04-26;Celibataire;0345423913;55646;c Handmade;true;2
3;Account envisioneer;Bedfordshire Administrateur;2021-04-26;Marie;0491836982;56424;plug-and-play;false;3
4;Ergonomic seize Franche-Comté;integrate a e-tailers;2021-04-25;Marie;0420953621;10080;pink leverage hacking;true;4
5;parse Table SSL;deposit deposit c;2021-04-26;Celibataire;0264172922;68086;uniform hacking;false;5
6;Handcrafted Wooden bricks-and-clicks;Ergonomic Alsace;2021-04-26;Marie;0739663261;65254;Fish;true;6
7;Sénégal leverage;calculate;2021-04-25;Marie;0215186741;64080;Bike Computers;true;7
8;Account;world-class;2021-04-25;Marie;0675441465;46861;national protocol index;true;8
9;Auto;Awesome;2021-04-26;Marie;+33 762301125;13302;hack;false;9
10;c Gloves projection;Card morph sensor;2021-04-25;Marie;0565000283;73651;interface deposit l'Odéon;false;10
